mean,stdev,median
5.843333333333334,0.8280661279778629,5.8
3.0573333333333332,0.4358662849366982,3.0
3.758,1.7652982332594664,4.35
1.1993333333333334,0.7622376689603465,1.3
